sample	barcode	fastq
80S_Cas9R1_ATCGT	ATCGT	pool1_80S_R1.fastq.gz
80S_mCherryR1_AGCTA	AGCTA	pool1_80S_R1.fastq.gz
80S_Gm10076C7R1_CGTAA	CGTAA	pool1_80S_R1.fastq.gz
80S_Rpl41C11R1_CTAGA	CTAGA	pool1_80S_R1.fastq.gz
80S_Rpl41F10R1_GATCA	GATCA	pool1_80S_R1.fastq.gz
80S_Cas9R2_ATCGT	ATCGT	pool2_80S_R1.fastq.gz
80S_mCherryR2_AGCTA	AGCTA	pool2_80S_R1.fastq.gz
80S_Gm10076C7R2_CGTAA	CGTAA	pool2_80S_R1.fastq.gz
80S_Rpl41C11R2_CTAGA	CTAGA	pool2_80S_R1.fastq.gz
80S_Rpl41F10R2_GATCA	GATCA	pool2_80S_R1.fastq.gz
disome_Cas9R1_ATCGT	ATCGT	pool3_disome_R1.fastq.gz
disome_mCherryR1_AGCTA	AGCTA	pool3_disome_R1.fastq.gz
disome_Gm10076C7R1_CGTAA	CGTAA	pool3_disome_R1.fastq.gz
disome_Rpl41C11R1_CTAGA	CTAGA	pool3_disome_R1.fastq.gz
disome_Rpl41F10R1_GATCA	GATCA	pool3_disome_R1.fastq.gz
disome_Cas9R2_ATCGT	ATCGT	pool4_disome_R1.fastq.gz
disome_mCherryR2_AGCTA	AGCTA	pool4_disome_R1.fastq.gz
disome_Gm10076C7R2_CGTAA	CGTAA	pool4_disome_R1.fastq.gz
disome_Rpl41C11R2_CTAGA	CTAGA	pool4_disome_R1.fastq.gz
disome_Rpl41F10R2_GATCA	GATCA	pool4_disome_R1.fastq.gz
